{
    "age": 32,
    "region": {
        "x": 120,
        "y": 363,
        "w": 646,
        "h": 646
    },
    "gender": "Man",
    "race": {
        "asian": 6.201164424419403,
        "indian": 6.161763146519661,
        "black": 0.7467428687959909,
        "white": 43.58353316783905,
        "middle eastern": 17.944495379924774,
        "latino hispanic": 25.362303853034973
    },
    "dominant_race": "white",
    "emotion": {
        "angry": 0.00018171214043593287,
        "disgust": 5.6490436472685844e-11,
        "fear": 55.48116034044747,
        "happy": 1.3223408435095363,
        "sad": 0.0010756465971891436,
        "surprise": 6.879951134914295,
        "neutral": 36.315299429333145
    },
    "dominant_emotion": "fear"
}